{"frames": [

{
	"filename": "blue",
	"frame": {"x":3,"y":54,"w":48,"h":48},
	"rotated": false,
	"trimmed": false,
	"spriteSourceSize": {"x":0,"y":0,"w":48,"h":48},
	"sourceSize": {"w":48,"h":48},
	"pivot": {"x":0.5,"y":0.5}
},
{
	"filename": "green",
	"frame": {"x":55,"y":54,"w":46,"h":48},
	"rotated": false,
	"trimmed": true,
	"spriteSourceSize": {"x":1,"y":0,"w":46,"h":48},
	"sourceSize": {"w":48,"h":48},
	"pivot": {"x":0.5,"y":0.5}
},
{
	"filename": "orange",
	"frame": {"x":3,"y":106,"w":48,"h":48},
	"rotated": false,
	"trimmed": false,
	"spriteSourceSize": {"x":0,"y":0,"w":48,"h":48},
	"sourceSize": {"w":48,"h":48},
	"pivot": {"x":0.5,"y":0.5}
},
{
	"filename": "purple",
	"frame": {"x":3,"y":3,"w":48,"h":47},
	"rotated": false,
	"trimmed": true,
	"spriteSourceSize": {"x":0,"y":0,"w":48,"h":47},
	"sourceSize": {"w":48,"h":48},
	"pivot": {"x":0.5,"y":0.5}
},
{
	"filename": "red",
	"frame": {"x":55,"y":3,"w":48,"h":47},
	"rotated": false,
	"trimmed": true,
	"spriteSourceSize": {"x":0,"y":1,"w":48,"h":47},
	"sourceSize": {"w":48,"h":48},
	"pivot": {"x":0.5,"y":0.5}
},
{
	"filename": "yellow",
	"frame": {"x":55,"y":106,"w":48,"h":48},
	"rotated": false,
	"trimmed": false,
	"spriteSourceSize": {"x":0,"y":0,"w":48,"h":48},
	"sourceSize": {"w":48,"h":48},
	"pivot": {"x":0.5,"y":0.5}
}],
"meta": {
	"app": "http://www.codeandweb.com/texturepacker",
	"version": "1.0",
	"image": "monsters.png",
	"format": "RGBA8888",
	"size": {"w":106,"h":157},
	"scale": "1",
	"smartupdate": "$TexturePacker:SmartUpdate:94e3861bf3fe5715f53df58e8450923c:2f5153e78b443078a8763ede8bf48b11:8fc4d3ec51ba7bc700054b5f64cf62b1$"
}
}
