<?xml version="1.0"?>
<font>
  <info face="Chiller" size="128" bold="0" italic="0" charset="" unicode="1" stretchH="100" smooth="1" aa="1" padding="8,8,8,8" spacing="1,1" outline="0"/>
  <common lineHeight="128" base="94" scaleW="1024" scaleH="1024" pages="1" packed="0" alphaChnl="0" redChnl="4" greenChnl="4" blueChnl="4"/>
  <pages>
    <page id="0" file="chiller_0.png" />
  </pages>
  <chars count="191">
    <char id="32" x="1004" y="207" width="17" height="17" xoffset="-8" yoffset="-8" xadvance="31" page="0" chnl="15" />
    <char id="33" x="987" y="114" width="30" height="92" xoffset="-2" yoffset="14" xadvance="28" page="0" chnl="15" />
    <char id="34" x="558" y="770" width="35" height="67" xoffset="-5" yoffset="6" xadvance="31" page="0" chnl="15" />
    <char id="35" x="551" y="327" width="126" height="98" xoffset="-4" yoffset="12" xadvance="118" page="0" chnl="15" />
    <char id="36" x="231" y="0" width="52" height="119" xoffset="-8" yoffset="-4" xadvance="39" page="0" chnl="15" />
    <char id="37" x="602" y="117" width="68" height="105" xoffset="-6" yoffset="5" xadvance="58" page="0" chnl="15" />
    <char id="38" x="678" y="326" width="68" height="98" xoffset="-6" yoffset="11" xadvance="58" page="0" chnl="15" />
    <char id="39" x="699" y="825" width="26" height="51" xoffset="-5" yoffset="5" xadvance="19" page="0" chnl="15" />
    <char id="40" x="129" y="0" width="50" height="125" xoffset="3" yoffset="-8" xadvance="44" page="0" chnl="15" />
    <char id="41" x="180" y="0" width="50" height="125" xoffset="-8" yoffset="-8" xadvance="44" page="0" chnl="15" />
    <char id="42" x="557" y="838" width="52" height="51" xoffset="-5" yoffset="4" xadvance="42" page="0" chnl="15" />
    <char id="43" x="326" y="786" width="75" height="68" xoffset="-8" yoffset="34" xadvance="64" page="0" chnl="15" />
    <char id="44" x="94" y="935" width="29" height="43" xoffset="-1" yoffset="77" xadvance="27" page="0" chnl="15" />
    <char id="45" x="446" y="899" width="51" height="26" xoffset="-6" yoffset="62" xadvance="41" page="0" chnl="15" />
    <char id="46" x="283" y="928" width="31" height="29" xoffset="-2" yoffset="78" xadvance="27" page="0" chnl="15" />
    <char id="47" x="760" y="0" width="69" height="114" xoffset="-8" yoffset="-2" xadvance="53" page="0" chnl="15" />
    <char id="48" x="0" y="554" width="60" height="90" xoffset="-5" yoffset="12" xadvance="51" page="0" chnl="15" />
    <char id="49" x="576" y="426" width="45" height="94" xoffset="-10" yoffset="8" xadvance="35" page="0" chnl="15" />
    <char id="50" x="298" y="539" width="61" height="87" xoffset="-11" yoffset="14" xadvance="46" page="0" chnl="15" />
    <char id="51" x="820" y="423" width="63" height="91" xoffset="-11" yoffset="11" xadvance="49" page="0" chnl="15" />
    <char id="52" x="411" y="431" width="61" height="94" xoffset="-6" yoffset="10" xadvance="49" page="0" chnl="15" />
    <char id="53" x="81" y="645" width="62" height="83" xoffset="-6" yoffset="19" xadvance="47" page="0" chnl="15" />
    <char id="54" x="112" y="552" width="53" height="89" xoffset="-6" yoffset="11" xadvance="43" page="0" chnl="15" />
    <char id="55" x="438" y="526" width="62" height="86" xoffset="-10" yoffset="14" xadvance="47" page="0" chnl="15" />
    <char id="56" x="231" y="539" width="66" height="87" xoffset="-11" yoffset="11" xadvance="52" page="0" chnl="15" />
    <char id="57" x="158" y="450" width="63" height="95" xoffset="-16" yoffset="9" xadvance="45" page="0" chnl="15" />
    <char id="58" x="988" y="749" width="31" height="58" xoffset="-2" yoffset="48" xadvance="27" page="0" chnl="15" />
    <char id="59" x="989" y="598" width="31" height="72" xoffset="-2" yoffset="48" xadvance="27" page="0" chnl="15" />
    <char id="60" x="772" y="820" width="59" height="47" xoffset="-5" yoffset="52" xadvance="50" page="0" chnl="15" />
    <char id="61" x="124" y="934" width="53" height="39" xoffset="-6" yoffset="51" xadvance="41" page="0" chnl="15" />
    <char id="62" x="889" y="814" width="56" height="46" xoffset="-2" yoffset="54" xadvance="50" page="0" chnl="15" />
    <char id="63" x="740" y="518" width="50" height="85" xoffset="-6" yoffset="20" xadvance="40" page="0" chnl="15" />
    <char id="64" x="146" y="805" width="77" height="69" xoffset="-7" yoffset="30" xadvance="67" page="0" chnl="15" />
    <char id="65" x="122" y="349" width="68" height="100" xoffset="-6" yoffset="9" xadvance="56" page="0" chnl="15" />
    <char id="66" x="873" y="324" width="67" height="97" xoffset="-7" yoffset="5" xadvance="56" page="0" chnl="15" />
    <char id="67" x="193" y="635" width="68" height="82" xoffset="-5" yoffset="16" xadvance="58" page="0" chnl="15" />
    <char id="68" x="622" y="520" width="59" height="85" xoffset="-10" yoffset="16" xadvance="46" page="0" chnl="15" />
    <char id="69" x="955" y="514" width="63" height="83" xoffset="-4" yoffset="15" xadvance="48" page="0" chnl="15" />
    <char id="70" x="299" y="230" width="53" height="103" xoffset="-3" yoffset="5" xadvance="38" page="0" chnl="15" />
    <char id="71" x="692" y="425" width="51" height="92" xoffset="-5" yoffset="15" xadvance="43" page="0" chnl="15" />
    <char id="72" x="932" y="115" width="54" height="105" xoffset="-5" yoffset="10" xadvance="46" page="0" chnl="15" />
    <char id="73" x="222" y="443" width="57" height="95" xoffset="-10" yoffset="9" xadvance="38" page="0" chnl="15" />
    <char id="74" x="95" y="245" width="73" height="103" xoffset="-12" yoffset="8" xadvance="43" page="0" chnl="15" />
    <char id="75" x="166" y="546" width="64" height="88" xoffset="-4" yoffset="14" xadvance="51" page="0" chnl="15" />
    <char id="76" x="0" y="456" width="59" height="97" xoffset="-5" yoffset="5" xadvance="46" page="0" chnl="15" />
    <char id="77" x="621" y="223" width="74" height="102" xoffset="-7" yoffset="6" xadvance="64" page="0" chnl="15" />
    <char id="78" x="622" y="426" width="69" height="93" xoffset="-7" yoffset="8" xadvance="53" page="0" chnl="15" />
    <char id="79" x="48" y="729" width="60" height="75" xoffset="-5" yoffset="20" xadvance="51" page="0" chnl="15" />
    <char id="80" x="280" y="443" width="57" height="95" xoffset="-7" yoffset="9" xadvance="44" page="0" chnl="15" />
    <char id="81" x="791" y="518" width="79" height="84" xoffset="-5" yoffset="23" xadvance="52" page="0" chnl="15" />
    <char id="82" x="941" y="324" width="64" height="97" xoffset="-4" yoffset="10" xadvance="48" page="0" chnl="15" />
    <char id="83" x="144" y="642" width="48" height="83" xoffset="-8" yoffset="17" xadvance="37" page="0" chnl="15" />
    <char id="84" x="798" y="325" width="74" height="97" xoffset="-11" yoffset="5" xadvance="44" page="0" chnl="15" />
    <char id="85" x="109" y="729" width="60" height="75" xoffset="-3" yoffset="20" xadvance="48" page="0" chnl="15" />
    <char id="86" x="262" y="627" width="60" height="82" xoffset="-8" yoffset="15" xadvance="41" page="0" chnl="15" />
    <char id="87" x="0" y="645" width="80" height="83" xoffset="-6" yoffset="17" xadvance="66" page="0" chnl="15" />
    <char id="88" x="552" y="524" width="69" height="85" xoffset="-10" yoffset="17" xadvance="51" page="0" chnl="15" />
    <char id="89" x="169" y="239" width="68" height="103" xoffset="-10" yoffset="3" xadvance="44" page="0" chnl="15" />
    <char id="90" x="451" y="613" width="74" height="80" xoffset="-8" yoffset="22" xadvance="55" page="0" chnl="15" />
    <char id="91" x="64" y="0" width="64" height="131" xoffset="-8" yoffset="-7" xadvance="44" page="0" chnl="15" />
    <char id="92" x="830" y="0" width="69" height="114" xoffset="-8" yoffset="-2" xadvance="53" page="0" chnl="15" />
    <char id="93" x="0" y="0" width="63" height="132" xoffset="-9" yoffset="-7" xadvance="44" page="0" chnl="15" />
    <char id="94" x="451" y="776" width="55" height="67" xoffset="0" yoffset="9" xadvance="56" page="0" chnl="15" />
    <char id="95" x="498" y="897" width="73" height="25" xoffset="-9" yoffset="99" xadvance="56" page="0" chnl="15" />
    <char id="96" x="213" y="932" width="34" height="31" xoffset="-3" yoffset="26" xadvance="29" page="0" chnl="15" />
    <char id="97" x="404" y="845" width="47" height="53" xoffset="-8" yoffset="48" xadvance="34" page="0" chnl="15" />
    <char id="98" x="935" y="422" width="47" height="91" xoffset="-6" yoffset="15" xadvance="36" page="0" chnl="15" />
    <char id="99" x="610" y="836" width="47" height="51" xoffset="-8" yoffset="51" xadvance="34" page="0" chnl="15" />
    <char id="100" x="526" y="429" width="49" height="94" xoffset="-5" yoffset="15" xadvance="37" page="0" chnl="15" />
    <char id="101" x="507" y="838" width="49" height="52" xoffset="-6" yoffset="49" xadvance="38" page="0" chnl="15" />
    <char id="102" x="0" y="247" width="44" height="105" xoffset="-10" yoffset="12" xadvance="23" page="0" chnl="15" />
    <char id="103" x="427" y="700" width="47" height="75" xoffset="-8" yoffset="50" xadvance="36" page="0" chnl="15" />
    <char id="104" x="108" y="455" width="49" height="96" xoffset="-7" yoffset="12" xadvance="38" page="0" chnl="15" />
    <char id="105" x="421" y="618" width="29" height="81" xoffset="-8" yoffset="25" xadvance="18" page="0" chnl="15" />
    <char id="106" x="45" y="247" width="49" height="104" xoffset="-21" yoffset="25" xadvance="25" page="0" chnl="15" />
    <char id="107" x="60" y="456" width="47" height="97" xoffset="-5" yoffset="14" xadvance="33" page="0" chnl="15" />
    <char id="108" x="983" y="422" width="33" height="90" xoffset="-7" yoffset="12" xadvance="20" page="0" chnl="15" />
    <char id="109" x="342" y="855" width="61" height="53" xoffset="-6" yoffset="49" xadvance="51" page="0" chnl="15" />
    <char id="110" x="96" y="877" width="46" height="56" xoffset="-5" yoffset="47" xadvance="38" page="0" chnl="15" />
    <char id="111" x="726" y="823" width="45" height="48" xoffset="-6" yoffset="51" xadvance="35" page="0" chnl="15" />
    <char id="112" x="323" y="627" width="50" height="82" xoffset="-8" yoffset="44" xadvance="37" page="0" chnl="15" />
    <char id="113" x="884" y="422" width="50" height="91" xoffset="-5" yoffset="45" xadvance="33" page="0" chnl="15" />
    <char id="114" x="658" y="836" width="40" height="51" xoffset="-5" yoffset="51" xadvance="28" page="0" chnl="15" />
    <char id="115" x="245" y="872" width="42" height="55" xoffset="-8" yoffset="47" xadvance="30" page="0" chnl="15" />
    <char id="116" x="48" y="805" width="49" height="71" xoffset="-9" yoffset="35" xadvance="30" page="0" chnl="15" />
    <char id="117" x="946" y="809" width="50" height="46" xoffset="-5" yoffset="52" xadvance="38" page="0" chnl="15" />
    <char id="118" x="50" y="877" width="45" height="57" xoffset="-8" yoffset="45" xadvance="29" page="0" chnl="15" />
    <char id="119" x="288" y="864" width="53" height="54" xoffset="-7" yoffset="50" xadvance="40" page="0" chnl="15" />
    <char id="120" x="0" y="879" width="49" height="57" xoffset="-7" yoffset="48" xadvance="35" page="0" chnl="15" />
    <char id="121" x="938" y="599" width="50" height="76" xoffset="-8" yoffset="51" xadvance="40" page="0" chnl="15" />
    <char id="122" x="452" y="844" width="54" height="52" xoffset="-8" yoffset="49" xadvance="40" page="0" chnl="15" />
    <char id="123" x="79" y="132" width="55" height="112" xoffset="-11" yoffset="5" xadvance="38" page="0" chnl="15" />
    <char id="124" x="135" y="126" width="41" height="112" xoffset="6" yoffset="9" xadvance="38" page="0" chnl="15" />
    <char id="125" x="0" y="133" width="49" height="113" xoffset="-8" yoffset="7" xadvance="38" page="0" chnl="15" />
    <char id="126" x="832" y="815" width="56" height="46" xoffset="-9" yoffset="22" xadvance="40" page="0" chnl="15" />
    <char id="160" x="1006" y="225" width="17" height="17" xoffset="-8" yoffset="-8" xadvance="31" page="0" chnl="15" />
    <char id="161" x="789" y="425" width="30" height="92" xoffset="-1" yoffset="14" xadvance="28" page="0" chnl="15" />
    <char id="162" x="744" y="425" width="44" height="92" xoffset="-6" yoffset="8" xadvance="33" page="0" chnl="15" />
    <char id="163" x="338" y="436" width="72" height="94" xoffset="-12" yoffset="7" xadvance="56" page="0" chnl="15" />
    <char id="164" x="170" y="726" width="58" height="75" xoffset="-8" yoffset="27" xadvance="44" page="0" chnl="15" />
    <char id="165" x="353" y="0" width="76" height="116" xoffset="-5" yoffset="3" xadvance="67" page="0" chnl="15" />
    <char id="166" x="50" y="133" width="28" height="113" xoffset="8" yoffset="9" xadvance="44" page="0" chnl="15" />
    <char id="167" x="494" y="329" width="56" height="99" xoffset="-5" yoffset="20" xadvance="41" page="0" chnl="15" />
    <char id="168" x="346" y="909" width="45" height="28" xoffset="-3" yoffset="29" xadvance="38" page="0" chnl="15" />
    <char id="169" x="871" y="515" width="83" height="83" xoffset="-6" yoffset="17" xadvance="70" page="0" chnl="15" />
    <char id="170" x="846" y="603" width="46" height="77" xoffset="-6" yoffset="12" xadvance="34" page="0" chnl="15" />
    <char id="171" x="832" y="754" width="52" height="60" xoffset="-4" yoffset="46" xadvance="44" page="0" chnl="15" />
    <char id="172" x="0" y="937" width="57" height="45" xoffset="-7" yoffset="49" xadvance="46" page="0" chnl="15" />
    <char id="173" x="392" y="909" width="53" height="26" xoffset="-1" yoffset="44" xadvance="52" page="0" chnl="15" />
    <char id="174" x="360" y="531" width="77" height="86" xoffset="-9" yoffset="15" xadvance="62" page="0" chnl="15" />
    <char id="175" x="507" y="770" width="50" height="67" xoffset="-8" yoffset="33" xadvance="40" page="0" chnl="15" />
    <char id="176" x="178" y="932" width="34" height="35" xoffset="0" yoffset="10" xadvance="35" page="0" chnl="15" />
    <char id="177" x="738" y="606" width="59" height="77" xoffset="-8" yoffset="24" xadvance="44" page="0" chnl="15" />
    <char id="178" x="402" y="776" width="48" height="68" xoffset="-5" yoffset="6" xadvance="46" page="0" chnl="15" />
    <char id="179" x="275" y="794" width="50" height="69" xoffset="-3" yoffset="8" xadvance="49" page="0" chnl="15" />
    <char id="180" x="248" y="928" width="34" height="31" xoffset="-3" yoffset="26" xadvance="32" page="0" chnl="15" />
    <char id="181" x="706" y="760" width="50" height="62" xoffset="-5" yoffset="45" xadvance="38" page="0" chnl="15" />
    <char id="182" x="706" y="0" width="53" height="115" xoffset="-5" yoffset="20" xadvance="45" page="0" chnl="15" />
    <char id="183" x="315" y="919" width="30" height="29" xoffset="-2" yoffset="42" xadvance="27" page="0" chnl="15" />
    <char id="184" x="58" y="935" width="35" height="43" xoffset="10" yoffset="74" xadvance="53" page="0" chnl="15" />
    <char id="185" x="669" y="760" width="36" height="64" xoffset="-10" yoffset="9" xadvance="24" page="0" chnl="15" />
    <char id="186" x="643" y="606" width="46" height="79" xoffset="-6" yoffset="10" xadvance="34" page="0" chnl="15" />
    <char id="187" x="885" y="754" width="52" height="59" xoffset="-5" yoffset="46" xadvance="44" page="0" chnl="15" />
    <char id="188" x="444" y="226" width="88" height="102" xoffset="-8" yoffset="7" xadvance="73" page="0" chnl="15" />
    <char id="189" x="533" y="224" width="87" height="102" xoffset="-10" yoffset="8" xadvance="71" page="0" chnl="15" />
    <char id="190" x="353" y="228" width="90" height="102" xoffset="-9" yoffset="8" xadvance="74" page="0" chnl="15" />
    <char id="191" x="501" y="526" width="50" height="86" xoffset="-6" yoffset="20" xadvance="40" page="0" chnl="15" />
    <char id="192" x="499" y="0" width="68" height="116" xoffset="-6" yoffset="-7" xadvance="56" page="0" chnl="15" />
    <char id="193" x="430" y="0" width="68" height="116" xoffset="-6" yoffset="-7" xadvance="56" page="0" chnl="15" />
    <char id="194" x="568" y="0" width="68" height="116" xoffset="-6" yoffset="-7" xadvance="56" page="0" chnl="15" />
    <char id="195" x="284" y="0" width="68" height="117" xoffset="-6" yoffset="-8" xadvance="56" page="0" chnl="15" />
    <char id="196" x="948" y="0" width="68" height="113" xoffset="-6" yoffset="-4" xadvance="56" page="0" chnl="15" />
    <char id="197" x="637" y="0" width="68" height="116" xoffset="-6" yoffset="-7" xadvance="56" page="0" chnl="15" />
    <char id="198" x="191" y="343" width="97" height="99" xoffset="-10" yoffset="5" xadvance="77" page="0" chnl="15" />
    <char id="199" x="479" y="117" width="63" height="106" xoffset="-5" yoffset="17" xadvance="53" page="0" chnl="15" />
    <char id="200" x="868" y="115" width="63" height="105" xoffset="-4" yoffset="-7" xadvance="48" page="0" chnl="15" />
    <char id="201" x="740" y="116" width="63" height="105" xoffset="-4" yoffset="-7" xadvance="48" page="0" chnl="15" />
    <char id="202" x="804" y="115" width="63" height="105" xoffset="-4" yoffset="-7" xadvance="48" page="0" chnl="15" />
    <char id="203" x="696" y="223" width="63" height="102" xoffset="-4" yoffset="-4" xadvance="48" page="0" chnl="15" />
    <char id="204" x="177" y="126" width="57" height="111" xoffset="-10" yoffset="-7" xadvance="38" page="0" chnl="15" />
    <char id="205" x="293" y="118" width="57" height="111" xoffset="-10" yoffset="-7" xadvance="38" page="0" chnl="15" />
    <char id="206" x="235" y="120" width="57" height="111" xoffset="-10" yoffset="-7" xadvance="38" page="0" chnl="15" />
    <char id="207" x="421" y="117" width="57" height="108" xoffset="-10" yoffset="-4" xadvance="38" page="0" chnl="15" />
    <char id="208" x="682" y="520" width="57" height="85" xoffset="-7" yoffset="16" xadvance="46" page="0" chnl="15" />
    <char id="209" x="351" y="118" width="69" height="109" xoffset="-7" yoffset="-8" xadvance="53" page="0" chnl="15" />
    <char id="210" x="61" y="352" width="60" height="102" xoffset="-5" yoffset="-7" xadvance="51" page="0" chnl="15" />
    <char id="211" x="821" y="221" width="60" height="102" xoffset="-5" yoffset="-7" xadvance="51" page="0" chnl="15" />
    <char id="212" x="882" y="221" width="60" height="102" xoffset="-5" yoffset="-7" xadvance="51" page="0" chnl="15" />
    <char id="213" x="238" y="232" width="60" height="103" xoffset="-5" yoffset="-8" xadvance="51" page="0" chnl="15" />
    <char id="214" x="433" y="331" width="60" height="99" xoffset="-5" yoffset="-4" xadvance="51" page="0" chnl="15" />
    <char id="215" x="938" y="750" width="49" height="58" xoffset="-7" yoffset="31" xadvance="35" page="0" chnl="15" />
    <char id="216" x="289" y="336" width="82" height="99" xoffset="-7" yoffset="3" xadvance="62" page="0" chnl="15" />
    <char id="217" x="760" y="222" width="60" height="102" xoffset="-3" yoffset="-7" xadvance="48" page="0" chnl="15" />
    <char id="218" x="0" y="353" width="60" height="102" xoffset="-3" yoffset="-7" xadvance="48" page="0" chnl="15" />
    <char id="219" x="943" y="221" width="60" height="102" xoffset="-3" yoffset="-7" xadvance="48" page="0" chnl="15" />
    <char id="220" x="372" y="331" width="60" height="99" xoffset="-3" yoffset="-4" xadvance="48" page="0" chnl="15" />
    <char id="221" x="671" y="117" width="68" height="105" xoffset="-10" yoffset="1" xadvance="44" page="0" chnl="15" />
    <char id="222" x="473" y="431" width="52" height="94" xoffset="-6" yoffset="10" xadvance="41" page="0" chnl="15" />
    <char id="223" x="543" y="117" width="58" height="106" xoffset="-8" yoffset="10" xadvance="46" page="0" chnl="15" />
    <char id="224" x="571" y="694" width="47" height="75" xoffset="-8" yoffset="26" xadvance="34" page="0" chnl="15" />
    <char id="225" x="523" y="694" width="47" height="75" xoffset="-8" yoffset="26" xadvance="34" page="0" chnl="15" />
    <char id="226" x="475" y="694" width="47" height="75" xoffset="-8" yoffset="26" xadvance="34" page="0" chnl="15" />
    <char id="227" x="0" y="729" width="47" height="76" xoffset="-8" yoffset="25" xadvance="34" page="0" chnl="15" />
    <char id="228" x="0" y="806" width="47" height="72" xoffset="-8" yoffset="29" xadvance="34" page="0" chnl="15" />
    <char id="229" x="379" y="700" width="47" height="75" xoffset="-8" yoffset="26" xadvance="34" page="0" chnl="15" />
    <char id="230" x="757" y="759" width="74" height="60" xoffset="-7" yoffset="41" xadvance="59" page="0" chnl="15" />
    <char id="231" x="798" y="603" width="47" height="77" xoffset="-8" yoffset="50" xadvance="34" page="0" chnl="15" />
    <char id="232" x="229" y="718" width="49" height="75" xoffset="-6" yoffset="26" xadvance="38" page="0" chnl="15" />
    <char id="233" x="329" y="710" width="49" height="75" xoffset="-6" yoffset="26" xadvance="38" page="0" chnl="15" />
    <char id="234" x="279" y="710" width="49" height="75" xoffset="-6" yoffset="26" xadvance="38" page="0" chnl="15" />
    <char id="235" x="960" y="676" width="49" height="72" xoffset="-6" yoffset="29" xadvance="38" page="0" chnl="15" />
    <char id="236" x="609" y="610" width="33" height="80" xoffset="-8" yoffset="26" xadvance="18" page="0" chnl="15" />
    <char id="237" x="572" y="610" width="36" height="80" xoffset="-5" yoffset="26" xadvance="18" page="0" chnl="15" />
    <char id="238" x="526" y="613" width="45" height="80" xoffset="-13" yoffset="26" xadvance="18" page="0" chnl="15" />
    <char id="239" x="893" y="599" width="44" height="77" xoffset="-12" yoffset="29" xadvance="18" page="0" chnl="15" />
    <char id="240" x="374" y="618" width="46" height="81" xoffset="-6" yoffset="20" xadvance="35" page="0" chnl="15" />
    <char id="241" x="690" y="606" width="47" height="78" xoffset="-5" yoffset="25" xadvance="38" page="0" chnl="15" />
    <char id="242" x="715" y="685" width="45" height="73" xoffset="-6" yoffset="26" xadvance="35" page="0" chnl="15" />
    <char id="243" x="761" y="684" width="45" height="73" xoffset="-6" yoffset="26" xadvance="35" page="0" chnl="15" />
    <char id="244" x="667" y="686" width="47" height="73" xoffset="-6" yoffset="26" xadvance="35" page="0" chnl="15" />
    <char id="245" x="619" y="691" width="47" height="74" xoffset="-6" yoffset="25" xadvance="35" page="0" chnl="15" />
    <char id="246" x="98" y="805" width="47" height="70" xoffset="-6" yoffset="29" xadvance="35" page="0" chnl="15" />
    <char id="247" x="143" y="876" width="101" height="55" xoffset="-4" yoffset="49" xadvance="92" page="0" chnl="15" />
    <char id="248" x="594" y="770" width="74" height="65" xoffset="-11" yoffset="40" xadvance="47" page="0" chnl="15" />
    <char id="249" x="807" y="681" width="50" height="72" xoffset="-5" yoffset="26" xadvance="38" page="0" chnl="15" />
    <char id="250" x="858" y="681" width="50" height="72" xoffset="-5" yoffset="26" xadvance="38" page="0" chnl="15" />
    <char id="251" x="909" y="677" width="50" height="72" xoffset="-5" yoffset="26" xadvance="38" page="0" chnl="15" />
    <char id="252" x="224" y="802" width="50" height="69" xoffset="-5" yoffset="29" xadvance="38" page="0" chnl="15" />
    <char id="253" x="61" y="554" width="50" height="90" xoffset="-8" yoffset="37" xadvance="40" page="0" chnl="15" />
    <char id="254" x="900" y="0" width="47" height="114" xoffset="-7" yoffset="15" xadvance="36" page="0" chnl="15" />
    <char id="255" x="747" y="326" width="50" height="98" xoffset="-8" yoffset="29" xadvance="40" page="0" chnl="15" />
  </chars>
</font>
