<?xml version="1.0" encoding="UTF-8"?>
<!--Created using Glyph Designer - http://www.71squared.com/glyphdesigner-->
<font>
    <info face="DINCondensed-Bold" size="90" bold="0" italic="0" chasrset="" unicode="0" stretchH="100" smooth="1" aa="1" padding="0,0,0,0" spacing="2,2"/>
    <common lineHeight="91" base="64" scaleW="512" scaleH="512" pages="1" packed="0"/>
    <pages>
        <page id="0" file="din.png"/>
    </pages>
    <chars count="95">
        <char id="32" x="460" y="350" width="0" height="0" xoffset="0" yoffset="65" xadvance="17" page="0" chnl="0" letter="space"/>
        <char id="33" x="406" y="232" width="13" height="66" xoffset="5" yoffset="-1" xadvance="22" page="0" chnl="0" letter="!"/>
        <char id="34" x="255" y="350" width="21" height="17" xoffset="3" yoffset="0" xadvance="25" page="0" chnl="0" letter="&quot;"/>
        <char id="35" x="469" y="95" width="34" height="66" xoffset="1" yoffset="-1" xadvance="33" page="0" chnl="0" letter="#"/>
        <char id="36" x="31" y="2" width="33" height="81" xoffset="1" yoffset="-8" xadvance="33" page="0" chnl="0" letter="$"/>
        <char id="37" x="393" y="2" width="32" height="67" xoffset="1" yoffset="-1" xadvance="32" page="0" chnl="0" letter="%"/>
        <char id="38" x="470" y="232" width="39" height="60" xoffset="3" yoffset="6" xadvance="43" page="0" chnl="0" letter="&amp;"/>
        <char id="39" x="291" y="350" width="9" height="17" xoffset="5" yoffset="0" xadvance="17" page="0" chnl="0" letter="'"/>
        <char id="40" x="148" y="2" width="15" height="75" xoffset="4" yoffset="-1" xadvance="20" page="0" chnl="0" letter="("/>
        <char id="41" x="165" y="2" width="15" height="75" xoffset="2" yoffset="-1" xadvance="20" page="0" chnl="0" letter=")"/>
        <char id="42" x="162" y="350" width="29" height="31" xoffset="3" yoffset="-1" xadvance="33" page="0" chnl="0" letter="*"/>
        <char id="43" x="444" y="300" width="47" height="47" xoffset="4" yoffset="18" xadvance="54" page="0" chnl="0" letter="+"/>
        <char id="44" x="278" y="350" width="11" height="17" xoffset="4" yoffset="55" xadvance="17" page="0" chnl="0" letter=","/>
        <char id="45" x="368" y="350" width="29" height="11" xoffset="4" yoffset="34" xadvance="35" page="0" chnl="0" letter="-"/>
        <char id="46" x="399" y="350" width="11" height="11" xoffset="4" yoffset="54" xadvance="17" page="0" chnl="0" letter="."/>
        <char id="47" x="95" y="95" width="21" height="67" xoffset="0" yoffset="-1" xadvance="20" page="0" chnl="0" letter="/"/>
        <char id="48" x="2" y="95" width="29" height="67" xoffset="3" yoffset="-1" xadvance="33" page="0" chnl="0" letter="0"/>
        <char id="49" x="367" y="232" width="20" height="66" xoffset="5" yoffset="-1" xadvance="33" page="0" chnl="0" letter="1"/>
        <char id="50" x="126" y="232" width="29" height="66" xoffset="3" yoffset="-1" xadvance="33" page="0" chnl="0" letter="2"/>
        <char id="51" x="64" y="95" width="29" height="67" xoffset="3" yoffset="-1" xadvance="33" page="0" chnl="0" letter="3"/>
        <char id="52" x="108" y="164" width="33" height="66" xoffset="1" yoffset="-1" xadvance="33" page="0" chnl="0" letter="4"/>
        <char id="53" x="95" y="232" width="29" height="66" xoffset="3" yoffset="0" xadvance="33" page="0" chnl="0" letter="5"/>
        <char id="54" x="64" y="232" width="29" height="66" xoffset="3" yoffset="0" xadvance="33" page="0" chnl="0" letter="6"/>
        <char id="55" x="188" y="232" width="29" height="66" xoffset="3" yoffset="-1" xadvance="33" page="0" chnl="0" letter="7"/>
        <char id="56" x="33" y="95" width="29" height="67" xoffset="3" yoffset="-1" xadvance="33" page="0" chnl="0" letter="8"/>
        <char id="57" x="33" y="232" width="29" height="66" xoffset="3" yoffset="-1" xadvance="33" page="0" chnl="0" letter="9"/>
        <char id="58" x="193" y="350" width="11" height="31" xoffset="4" yoffset="34" xadvance="17" page="0" chnl="0" letter=":"/>
        <char id="59" x="149" y="350" width="11" height="38" xoffset="4" yoffset="34" xadvance="17" page="0" chnl="0" letter=";"/>
        <char id="60" x="2" y="300" width="47" height="48" xoffset="4" yoffset="18" xadvance="54" page="0" chnl="0" letter="&lt;"/>
        <char id="61" x="206" y="350" width="47" height="27" xoffset="4" yoffset="28" xadvance="54" page="0" chnl="0" letter="="/>
        <char id="62" x="51" y="300" width="47" height="48" xoffset="4" yoffset="18" xadvance="54" page="0" chnl="0" letter="&gt;"/>
        <char id="63" x="373" y="164" width="29" height="66" xoffset="3" yoffset="-1" xadvance="33" page="0" chnl="0" letter="?"/>
        <char id="64" x="221" y="2" width="67" height="67" xoffset="5" yoffset="-1" xadvance="72" page="0" chnl="0" letter="@"/>
        <char id="65" x="240" y="95" width="38" height="66" xoffset="0" yoffset="-1" xadvance="37" page="0" chnl="0" letter="A"/>
        <char id="66" x="276" y="164" width="31" height="66" xoffset="4" yoffset="-1" xadvance="38" page="0" chnl="0" letter="B"/>
        <char id="67" x="427" y="2" width="31" height="67" xoffset="4" yoffset="-1" xadvance="37" page="0" chnl="0" letter="C"/>
        <char id="68" x="309" y="164" width="31" height="66" xoffset="4" yoffset="-1" xadvance="38" page="0" chnl="0" letter="D"/>
        <char id="69" x="250" y="232" width="29" height="66" xoffset="4" yoffset="-1" xadvance="33" page="0" chnl="0" letter="E"/>
        <char id="70" x="219" y="232" width="29" height="66" xoffset="4" yoffset="-1" xadvance="33" page="0" chnl="0" letter="F"/>
        <char id="71" x="359" y="2" width="32" height="67" xoffset="4" yoffset="-1" xadvance="38" page="0" chnl="0" letter="G"/>
        <char id="72" x="243" y="164" width="31" height="66" xoffset="4" yoffset="-1" xadvance="38" page="0" chnl="0" letter="H"/>
        <char id="73" x="434" y="232" width="11" height="66" xoffset="5" yoffset="-1" xadvance="18" page="0" chnl="0" letter="I"/>
        <char id="74" x="342" y="164" width="29" height="66" xoffset="-2" yoffset="0" xadvance="30" page="0" chnl="0" letter="J"/>
        <char id="75" x="395" y="95" width="36" height="66" xoffset="4" yoffset="-1" xadvance="38" page="0" chnl="0" letter="K"/>
        <char id="76" x="281" y="232" width="29" height="66" xoffset="4" yoffset="-1" xadvance="33" page="0" chnl="0" letter="L"/>
        <char id="77" x="195" y="95" width="43" height="66" xoffset="4" yoffset="-1" xadvance="50" page="0" chnl="0" letter="M"/>
        <char id="78" x="2" y="164" width="34" height="66" xoffset="4" yoffset="-1" xadvance="40" page="0" chnl="0" letter="N"/>
        <char id="79" x="325" y="2" width="32" height="67" xoffset="4" yoffset="-1" xadvance="38" page="0" chnl="0" letter="O"/>
        <char id="80" x="210" y="164" width="31" height="66" xoffset="4" yoffset="-1" xadvance="37" page="0" chnl="0" letter="P"/>
        <char id="81" x="182" y="2" width="37" height="68" xoffset="4" yoffset="-1" xadvance="38" page="0" chnl="0" letter="Q"/>
        <char id="82" x="433" y="95" width="34" height="66" xoffset="4" yoffset="-1" xadvance="38" page="0" chnl="0" letter="R"/>
        <char id="83" x="290" y="2" width="33" height="67" xoffset="3" yoffset="-1" xadvance="37" page="0" chnl="0" letter="S"/>
        <char id="84" x="143" y="164" width="32" height="66" xoffset="-0" yoffset="-1" xadvance="30" page="0" chnl="0" letter="T"/>
        <char id="85" x="177" y="164" width="31" height="66" xoffset="4" yoffset="0" xadvance="38" page="0" chnl="0" letter="U"/>
        <char id="86" x="319" y="95" width="36" height="66" xoffset="1" yoffset="-1" xadvance="37" page="0" chnl="0" letter="V"/>
        <char id="87" x="141" y="95" width="52" height="66" xoffset="1" yoffset="-1" xadvance="53" page="0" chnl="0" letter="W"/>
        <char id="88" x="280" y="95" width="37" height="66" xoffset="-0" yoffset="-1" xadvance="35" page="0" chnl="0" letter="X"/>
        <char id="89" x="357" y="95" width="36" height="66" xoffset="0" yoffset="-1" xadvance="35" page="0" chnl="0" letter="Y"/>
        <char id="90" x="312" y="232" width="29" height="66" xoffset="1" yoffset="-1" xadvance="30" page="0" chnl="0" letter="Z"/>
        <char id="91" x="130" y="2" width="16" height="75" xoffset="5" yoffset="-1" xadvance="20" page="0" chnl="0" letter="["/>
        <char id="92" x="118" y="95" width="21" height="67" xoffset="0" yoffset="-1" xadvance="20" page="0" chnl="0" letter="\"/>
        <char id="93" x="112" y="2" width="16" height="75" xoffset="1" yoffset="-1" xadvance="20" page="0" chnl="0" letter="]"/>
        <char id="94" x="101" y="350" width="46" height="40" xoffset="4" yoffset="0" xadvance="54" page="0" chnl="0" letter="^"/>
        <char id="95" x="412" y="350" width="46" height="6" xoffset="0" yoffset="70" xadvance="45" page="0" chnl="0" letter="_"/>
        <char id="96" x="347" y="350" width="19" height="14" xoffset="-4" yoffset="-1" xadvance="17" page="0" chnl="0" letter="`"/>
        <char id="97" x="149" y="300" width="30" height="48" xoffset="2" yoffset="18" xadvance="33" page="0" chnl="0" letter="a"/>
        <char id="98" x="2" y="232" width="29" height="66" xoffset="4" yoffset="0" xadvance="35" page="0" chnl="0" letter="b"/>
        <char id="99" x="212" y="300" width="29" height="48" xoffset="4" yoffset="18" xadvance="33" page="0" chnl="0" letter="c"/>
        <char id="100" x="466" y="164" width="29" height="66" xoffset="4" yoffset="0" xadvance="35" page="0" chnl="0" letter="d"/>
        <char id="101" x="274" y="300" width="29" height="48" xoffset="3" yoffset="18" xadvance="33" page="0" chnl="0" letter="e"/>
        <char id="102" x="343" y="232" width="22" height="66" xoffset="0" yoffset="-1" xadvance="20" page="0" chnl="0" letter="f"/>
        <char id="103" x="460" y="2" width="29" height="67" xoffset="4" yoffset="17" xadvance="35" page="0" chnl="0" letter="g"/>
        <char id="104" x="157" y="232" width="29" height="66" xoffset="4" yoffset="-1" xadvance="35" page="0" chnl="0" letter="h"/>
        <char id="105" x="421" y="232" width="11" height="66" xoffset="4" yoffset="-1" xadvance="17" page="0" chnl="0" letter="i"/>
        <char id="106" x="13" y="2" width="16" height="84" xoffset="-2" yoffset="-1" xadvance="17" page="0" chnl="0" letter="j"/>
        <char id="107" x="73" y="164" width="33" height="66" xoffset="4" yoffset="-1" xadvance="35" page="0" chnl="0" letter="k"/>
        <char id="108" x="389" y="232" width="15" height="66" xoffset="3" yoffset="0" xadvance="17" page="0" chnl="0" letter="l"/>
        <char id="109" x="100" y="300" width="47" height="48" xoffset="4" yoffset="17" xadvance="53" page="0" chnl="0" letter="m"/>
        <char id="110" x="305" y="300" width="29" height="48" xoffset="4" yoffset="17" xadvance="35" page="0" chnl="0" letter="n"/>
        <char id="111" x="181" y="300" width="29" height="48" xoffset="3" yoffset="18" xadvance="33" page="0" chnl="0" letter="o"/>
        <char id="112" x="404" y="164" width="29" height="66" xoffset="4" yoffset="17" xadvance="35" page="0" chnl="0" letter="p"/>
        <char id="113" x="435" y="164" width="29" height="66" xoffset="4" yoffset="17" xadvance="35" page="0" chnl="0" letter="q"/>
        <char id="114" x="367" y="300" width="23" height="48" xoffset="4" yoffset="17" xadvance="25" page="0" chnl="0" letter="r"/>
        <char id="115" x="243" y="300" width="29" height="48" xoffset="2" yoffset="18" xadvance="32" page="0" chnl="0" letter="s"/>
        <char id="116" x="447" y="232" width="21" height="61" xoffset="-1" yoffset="4" xadvance="18" page="0" chnl="0" letter="t"/>
        <char id="117" x="336" y="300" width="29" height="48" xoffset="4" yoffset="18" xadvance="35" page="0" chnl="0" letter="u"/>
        <char id="118" x="37" y="350" width="33" height="47" xoffset="-0" yoffset="18" xadvance="32" page="0" chnl="0" letter="v"/>
        <char id="119" x="392" y="300" width="50" height="47" xoffset="0" yoffset="18" xadvance="48" page="0" chnl="0" letter="w"/>
        <char id="120" x="2" y="350" width="33" height="47" xoffset="-1" yoffset="18" xadvance="30" page="0" chnl="0" letter="x"/>
        <char id="121" x="38" y="164" width="33" height="66" xoffset="-0" yoffset="17" xadvance="32" page="0" chnl="0" letter="y"/>
        <char id="122" x="72" y="350" width="27" height="47" xoffset="2" yoffset="18" xadvance="28" page="0" chnl="0" letter="z"/>
        <char id="123" x="66" y="2" width="21" height="75" xoffset="0" yoffset="-1" xadvance="20" page="0" chnl="0" letter="{"/>
        <char id="124" x="2" y="2" width="9" height="91" xoffset="6" yoffset="-3" xadvance="20" page="0" chnl="0" letter="|"/>
        <char id="125" x="89" y="2" width="21" height="75" xoffset="0" yoffset="-1" xadvance="20" page="0" chnl="0" letter="}"/>
        <char id="126" x="302" y="350" width="43" height="15" xoffset="6" yoffset="34" xadvance="54" page="0" chnl="0" letter="~"/>
    </chars>
    <kernings count="153">
        <kerning first="34" second="79" amount="-5"/>
        <kerning first="35" second="89" amount="-8"/>
        <kerning first="38" second="49" amount="2"/>
        <kerning first="44" second="119" amount="-8"/>
        <kerning first="47" second="99" amount="-5"/>
        <kerning first="47" second="109" amount="-5"/>
        <kerning first="47" second="119" amount="-5"/>
        <kerning first="47" second="127" amount="-5"/>
        <kerning first="48" second="49" amount="-5"/>
        <kerning first="53" second="79" amount="2"/>
        <kerning first="53" second="89" amount="2"/>
        <kerning first="65" second="84" amount="-5"/>
        <kerning first="65" second="86" amount="-3"/>
        <kerning first="65" second="87" amount="-3"/>
        <kerning first="65" second="89" amount="-5"/>
        <kerning first="65" second="118" amount="-2"/>
        <kerning first="65" second="119" amount="-2"/>
        <kerning first="65" second="121" amount="-2"/>
        <kerning first="66" second="65" amount="-1"/>
        <kerning first="68" second="65" amount="-1"/>
        <kerning first="68" second="86" amount="-2"/>
        <kerning first="68" second="87" amount="-1"/>
        <kerning first="68" second="89" amount="-2"/>
        <kerning first="70" second="44" amount="-10"/>
        <kerning first="70" second="46" amount="-10"/>
        <kerning first="70" second="65" amount="-5"/>
        <kerning first="70" second="101" amount="-2"/>
        <kerning first="70" second="105" amount="-1"/>
        <kerning first="70" second="111" amount="-2"/>
        <kerning first="70" second="114" amount="-2"/>
        <kerning first="74" second="44" amount="-2"/>
        <kerning first="74" second="46" amount="-2"/>
        <kerning first="74" second="97" amount="-1"/>
        <kerning first="74" second="101" amount="-1"/>
        <kerning first="74" second="111" amount="-1"/>
        <kerning first="74" second="117" amount="-1"/>
        <kerning first="75" second="79" amount="-1"/>
        <kerning first="75" second="101" amount="-1"/>
        <kerning first="75" second="111" amount="-1"/>
        <kerning first="75" second="117" amount="-1"/>
        <kerning first="75" second="121" amount="-2"/>
        <kerning first="76" second="84" amount="-7"/>
        <kerning first="76" second="86" amount="-7"/>
        <kerning first="76" second="87" amount="-7"/>
        <kerning first="76" second="89" amount="-8"/>
        <kerning first="76" second="121" amount="-5"/>
        <kerning first="79" second="65" amount="-1"/>
        <kerning first="79" second="84" amount="-1"/>
        <kerning first="79" second="86" amount="-2"/>
        <kerning first="79" second="87" amount="-1"/>
        <kerning first="79" second="89" amount="-2"/>
        <kerning first="80" second="44" amount="-12"/>
        <kerning first="80" second="46" amount="-12"/>
        <kerning first="80" second="65" amount="-3"/>
        <kerning first="80" second="97" amount="-1"/>
        <kerning first="80" second="101" amount="-1"/>
        <kerning first="80" second="111" amount="-1"/>
        <kerning first="82" second="84" amount="-2"/>
        <kerning first="82" second="89" amount="-2"/>
        <kerning first="84" second="44" amount="-8"/>
        <kerning first="84" second="45" amount="-6"/>
        <kerning first="84" second="46" amount="-8"/>
        <kerning first="84" second="58" amount="-5"/>
        <kerning first="84" second="59" amount="-6"/>
        <kerning first="84" second="65" amount="-5"/>
        <kerning first="84" second="79" amount="-1"/>
        <kerning first="84" second="97" amount="-6"/>
        <kerning first="84" second="101" amount="-6"/>
        <kerning first="84" second="105" amount="-2"/>
        <kerning first="84" second="111" amount="-6"/>
        <kerning first="84" second="114" amount="-6"/>
        <kerning first="84" second="117" amount="-6"/>
        <kerning first="84" second="119" amount="-7"/>
        <kerning first="84" second="121" amount="-5"/>
        <kerning first="85" second="65" amount="-1"/>
        <kerning first="86" second="44" amount="-8"/>
        <kerning first="86" second="45" amount="-3"/>
        <kerning first="86" second="46" amount="-8"/>
        <kerning first="86" second="58" amount="-2"/>
        <kerning first="86" second="59" amount="-2"/>
        <kerning first="86" second="65" amount="-3"/>
        <kerning first="86" second="97" amount="-3"/>
        <kerning first="86" second="101" amount="-3"/>
        <kerning first="86" second="111" amount="-3"/>
        <kerning first="86" second="117" amount="-3"/>
        <kerning first="87" second="44" amount="-7"/>
        <kerning first="87" second="45" amount="-2"/>
        <kerning first="87" second="46" amount="-7"/>
        <kerning first="87" second="58" amount="-2"/>
        <kerning first="87" second="59" amount="-2"/>
        <kerning first="87" second="65" amount="-3"/>
        <kerning first="87" second="79" amount="-1"/>
        <kerning first="87" second="97" amount="-2"/>
        <kerning first="87" second="101" amount="-2"/>
        <kerning first="87" second="111" amount="-2"/>
        <kerning first="87" second="117" amount="-2"/>
        <kerning first="87" second="121" amount="-1"/>
        <kerning first="89" second="44" amount="-8"/>
        <kerning first="89" second="45" amount="-7"/>
        <kerning first="89" second="46" amount="-8"/>
        <kerning first="89" second="58" amount="-3"/>
        <kerning first="89" second="59" amount="-5"/>
        <kerning first="89" second="65" amount="-5"/>
        <kerning first="89" second="97" amount="-5"/>
        <kerning first="89" second="101" amount="-5"/>
        <kerning first="89" second="105" amount="-2"/>
        <kerning first="89" second="111" amount="-5"/>
        <kerning first="89" second="117" amount="-5"/>
        <kerning first="97" second="118" amount="-1"/>
        <kerning first="97" second="119" amount="-1"/>
        <kerning first="97" second="121" amount="-1"/>
        <kerning first="98" second="118" amount="-1"/>
        <kerning first="98" second="121" amount="-1"/>
        <kerning first="99" second="104" amount="-1"/>
        <kerning first="99" second="107" amount="-1"/>
        <kerning first="99" second="108" amount="-1"/>
        <kerning first="99" second="121" amount="-2"/>
        <kerning first="101" second="118" amount="-1"/>
        <kerning first="101" second="121" amount="-1"/>
        <kerning first="107" second="101" amount="-1"/>
        <kerning first="107" second="111" amount="-1"/>
        <kerning first="111" second="118" amount="-1"/>
        <kerning first="111" second="119" amount="-1"/>
        <kerning first="111" second="121" amount="-1"/>
        <kerning first="112" second="121" amount="-1"/>
        <kerning first="114" second="44" amount="-7"/>
        <kerning first="114" second="45" amount="-3"/>
        <kerning first="114" second="46" amount="-7"/>
        <kerning first="114" second="97" amount="-1"/>
        <kerning first="114" second="99" amount="-1"/>
        <kerning first="114" second="111" amount="-1"/>
        <kerning first="114" second="118" amount="2"/>
        <kerning first="114" second="121" amount="2"/>
        <kerning first="115" second="119" amount="-1"/>
        <kerning first="117" second="40" amount="-7"/>
        <kerning first="118" second="44" amount="-5"/>
        <kerning first="118" second="46" amount="-5"/>
        <kerning first="118" second="97" amount="-1"/>
        <kerning first="118" second="101" amount="-1"/>
        <kerning first="118" second="111" amount="-1"/>
        <kerning first="119" second="35" amount="-5"/>
        <kerning first="119" second="44" amount="-3"/>
        <kerning first="119" second="46" amount="-3"/>
        <kerning first="119" second="97" amount="-1"/>
        <kerning first="119" second="101" amount="-1"/>
        <kerning first="119" second="111" amount="-1"/>
        <kerning first="121" second="44" amount="-5"/>
        <kerning first="121" second="46" amount="-5"/>
        <kerning first="121" second="97" amount="-1"/>
        <kerning first="121" second="101" amount="-1"/>
        <kerning first="121" second="111" amount="-1"/>
        <kerning first="122" second="101" amount="-1"/>
        <kerning first="122" second="111" amount="-1"/>
    </kernings>
</font>