<?xml version="1.0" encoding="UTF-8"?>
<!--Created using Glyph Designer - http://www.71squared.com/glyphdesigner-->
<font>
    <info face="HYPERDRIVE" size="100" bold="0" italic="0" chasrset="" unicode="0" stretchH="100" smooth="1" aa="1" padding="0,0,0,0" spacing="2,2"/>
    <common lineHeight="117" base="86" scaleW="1024" scaleH="512" pages="1" packed="0"/>
    <pages>
        <page id="0" file="hyperdrive.png"/>
    </pages>
    <chars count="95">
        <char id="32" x="661" y="346" width="0" height="0" xoffset="0" yoffset="87" xadvance="24" page="0" chnl="0" letter="space"/>
        <char id="33" x="876" y="193" width="29" height="73" xoffset="1" yoffset="20" xadvance="27" page="0" chnl="0" letter="!"/>
        <char id="34" x="406" y="346" width="22" height="25" xoffset="6" yoffset="18" xadvance="30" page="0" chnl="0" letter="&quot;"/>
        <char id="35" x="80" y="107" width="62" height="83" xoffset="5" yoffset="24" xadvance="55" page="0" chnl="0" letter="#"/>
        <char id="36" x="471" y="107" width="38" height="82" xoffset="-2" yoffset="20" xadvance="36" page="0" chnl="0" letter="$"/>
        <char id="37" x="479" y="272" width="49" height="68" xoffset="1" yoffset="22" xadvance="51" page="0" chnl="0" letter="%"/>
        <char id="38" x="574" y="107" width="63" height="80" xoffset="0" yoffset="16" xadvance="58" page="0" chnl="0" letter="&amp;"/>
        <char id="39" x="430" y="346" width="12" height="25" xoffset="8" yoffset="14" xadvance="24" page="0" chnl="0" letter="'"/>
        <char id="40" x="41" y="107" width="37" height="84" xoffset="3" yoffset="13" xadvance="29" page="0" chnl="0" letter="("/>
        <char id="41" x="2" y="107" width="37" height="84" xoffset="-7" yoffset="16" xadvance="31" page="0" chnl="0" letter=")"/>
        <char id="42" x="321" y="346" width="29" height="34" xoffset="4" yoffset="6" xadvance="33" page="0" chnl="0" letter="*"/>
        <char id="43" x="225" y="346" width="51" height="49" xoffset="3" yoffset="36" xadvance="47" page="0" chnl="0" letter="+"/>
        <char id="44" x="444" y="346" width="19" height="22" xoffset="-1" yoffset="77" xadvance="21" page="0" chnl="0" letter=","/>
        <char id="45" x="567" y="346" width="49" height="15" xoffset="4" yoffset="50" xadvance="49" page="0" chnl="0" letter="-"/>
        <char id="46" x="646" y="346" width="13" height="15" xoffset="3" yoffset="76" xadvance="17" page="0" chnl="0" letter="."/>
        <char id="47" x="345" y="272" width="38" height="69" xoffset="-0" yoffset="25" xadvance="39" page="0" chnl="0" letter="/"/>
        <char id="48" x="712" y="272" width="44" height="66" xoffset="2" yoffset="23" xadvance="45" page="0" chnl="0" letter="0"/>
        <char id="49" x="489" y="193" width="28" height="75" xoffset="2" yoffset="23" xadvance="25" page="0" chnl="0" letter="1"/>
        <char id="50" x="425" y="272" width="52" height="68" xoffset="-5" yoffset="23" xadvance="45" page="0" chnl="0" letter="2"/>
        <char id="51" x="804" y="272" width="45" height="65" xoffset="2" yoffset="27" xadvance="45" page="0" chnl="0" letter="3"/>
        <char id="52" x="71" y="193" width="55" height="77" xoffset="0" yoffset="23" xadvance="48" page="0" chnl="0" letter="4"/>
        <char id="53" x="530" y="272" width="48" height="68" xoffset="-2" yoffset="26" xadvance="40" page="0" chnl="0" letter="5"/>
        <char id="54" x="580" y="272" width="42" height="68" xoffset="2" yoffset="24" xadvance="45" page="0" chnl="0" letter="6"/>
        <char id="55" x="785" y="2" width="53" height="84" xoffset="-2" yoffset="21" xadvance="39" page="0" chnl="0" letter="7"/>
        <char id="56" x="128" y="193" width="46" height="77" xoffset="-1" yoffset="21" xadvance="45" page="0" chnl="0" letter="8"/>
        <char id="57" x="579" y="193" width="46" height="74" xoffset="-5" yoffset="23" xadvance="40" page="0" chnl="0" letter="9"/>
        <char id="58" x="302" y="346" width="17" height="44" xoffset="3" yoffset="36" xadvance="21" page="0" chnl="0" letter=":"/>
        <char id="59" x="278" y="346" width="22" height="48" xoffset="-2" yoffset="37" xadvance="21" page="0" chnl="0" letter=";"/>
        <char id="60" x="121" y="346" width="50" height="56" xoffset="2" yoffset="24" xadvance="49" page="0" chnl="0" letter="&lt;"/>
        <char id="61" x="352" y="346" width="52" height="30" xoffset="5" yoffset="42" xadvance="57" page="0" chnl="0" letter="="/>
        <char id="62" x="173" y="346" width="50" height="55" xoffset="-7" yoffset="30" xadvance="45" page="0" chnl="0" letter="&gt;"/>
        <char id="63" x="51" y="272" width="34" height="72" xoffset="5" yoffset="18" xadvance="39" page="0" chnl="0" letter="?"/>
        <char id="64" x="717" y="193" width="63" height="73" xoffset="2" yoffset="23" xadvance="65" page="0" chnl="0" letter="@"/>
        <char id="65" x="202" y="107" width="51" height="83" xoffset="0" yoffset="15" xadvance="50" page="0" chnl="0" letter="A"/>
        <char id="66" x="189" y="272" width="59" height="70" xoffset="-13" yoffset="22" xadvance="45" page="0" chnl="0" letter="B"/>
        <char id="67" x="297" y="272" width="46" height="69" xoffset="-3" yoffset="25" xadvance="43" page="0" chnl="0" letter="C"/>
        <char id="68" x="221" y="193" width="57" height="76" xoffset="-10" yoffset="23" xadvance="45" page="0" chnl="0" letter="D"/>
        <char id="69" x="2" y="346" width="59" height="59" xoffset="-4" yoffset="27" xadvance="43" page="0" chnl="0" letter="E"/>
        <char id="70" x="907" y="193" width="54" height="72" xoffset="-4" yoffset="21" xadvance="41" page="0" chnl="0" letter="F"/>
        <char id="71" x="892" y="2" width="48" height="84" xoffset="2" yoffset="24" xadvance="49" page="0" chnl="0" letter="G"/>
        <char id="72" x="2" y="193" width="67" height="77" xoffset="-6" yoffset="18" xadvance="46" page="0" chnl="0" letter="H"/>
        <char id="73" x="757" y="107" width="24" height="79" xoffset="0" yoffset="20" xadvance="20" page="0" chnl="0" letter="I"/>
        <char id="74" x="250" y="272" width="45" height="70" xoffset="1" yoffset="21" xadvance="42" page="0" chnl="0" letter="J"/>
        <char id="75" x="431" y="193" width="56" height="75" xoffset="-8" yoffset="22" xadvance="49" page="0" chnl="0" letter="K"/>
        <char id="76" x="2" y="272" width="47" height="72" xoffset="-0" yoffset="19" xadvance="38" page="0" chnl="0" letter="L"/>
        <char id="77" x="511" y="107" width="61" height="81" xoffset="1" yoffset="19" xadvance="54" page="0" chnl="0" letter="M"/>
        <char id="78" x="702" y="107" width="53" height="79" xoffset="-1" yoffset="19" xadvance="47" page="0" chnl="0" letter="N"/>
        <char id="79" x="758" y="272" width="44" height="66" xoffset="0" yoffset="24" xadvance="43" page="0" chnl="0" letter="O"/>
        <char id="80" x="279" y="2" width="60" height="89" xoffset="-11" yoffset="17" xadvance="45" page="0" chnl="0" letter="P"/>
        <char id="81" x="627" y="193" width="46" height="74" xoffset="2" yoffset="21" xadvance="43" page="0" chnl="0" letter="Q"/>
        <char id="82" x="217" y="2" width="60" height="89" xoffset="-10" yoffset="21" xadvance="45" page="0" chnl="0" letter="R"/>
        <char id="83" x="782" y="193" width="48" height="73" xoffset="-6" yoffset="21" xadvance="41" page="0" chnl="0" letter="S"/>
        <char id="84" x="154" y="2" width="61" height="89" xoffset="-5" yoffset="18" xadvance="38" page="0" chnl="0" letter="T"/>
        <char id="85" x="368" y="193" width="61" height="75" xoffset="-11" yoffset="14" xadvance="47" page="0" chnl="0" letter="U"/>
        <char id="86" x="523" y="2" width="54" height="87" xoffset="3" yoffset="11" xadvance="45" page="0" chnl="0" letter="V"/>
        <char id="87" x="86" y="2" width="66" height="89" xoffset="0" yoffset="6" xadvance="60" page="0" chnl="0" letter="W"/>
        <char id="88" x="453" y="2" width="68" height="88" xoffset="-0" yoffset="7" xadvance="53" page="0" chnl="0" letter="X"/>
        <char id="89" x="418" y="107" width="51" height="82" xoffset="-4" yoffset="14" xadvance="42" page="0" chnl="0" letter="Y"/>
        <char id="90" x="895" y="107" width="74" height="77" xoffset="-18" yoffset="18" xadvance="47" page="0" chnl="0" letter="Z"/>
        <char id="91" x="324" y="193" width="42" height="76" xoffset="1" yoffset="18" xadvance="35" page="0" chnl="0" letter="["/>
        <char id="92" x="385" y="272" width="38" height="69" xoffset="4" yoffset="25" xadvance="43" page="0" chnl="0" letter="\"/>
        <char id="93" x="280" y="193" width="42" height="76" xoffset="-8" yoffset="23" xadvance="32" page="0" chnl="0" letter="]"/>
        <char id="94" x="63" y="346" width="56" height="56" xoffset="5" yoffset="12" xadvance="63" page="0" chnl="0" letter="^"/>
        <char id="95" x="465" y="346" width="73" height="17" xoffset="2" yoffset="72" xadvance="69" page="0" chnl="0" letter="_"/>
        <char id="96" x="540" y="346" width="25" height="16" xoffset="3" yoffset="4" xadvance="29" page="0" chnl="0" letter="`"/>
        <char id="97" x="942" y="2" width="45" height="84" xoffset="-3" yoffset="23" xadvance="41" page="0" chnl="0" letter="a"/>
        <char id="98" x="87" y="272" width="59" height="71" xoffset="-10" yoffset="20" xadvance="49" page="0" chnl="0" letter="b"/>
        <char id="99" x="851" y="272" width="43" height="64" xoffset="1" yoffset="25" xadvance="41" page="0" chnl="0" letter="c"/>
        <char id="100" x="519" y="193" width="58" height="74" xoffset="-8" yoffset="20" xadvance="48" page="0" chnl="0" letter="d"/>
        <char id="101" x="941" y="272" width="62" height="62" xoffset="-9" yoffset="26" xadvance="41" page="0" chnl="0" letter="e"/>
        <char id="102" x="308" y="107" width="54" height="82" xoffset="-2" yoffset="20" xadvance="37" page="0" chnl="0" letter="f"/>
        <char id="103" x="364" y="107" width="52" height="82" xoffset="-7" yoffset="23" xadvance="44" page="0" chnl="0" letter="g"/>
        <char id="104" x="647" y="2" width="68" height="84" xoffset="-7" yoffset="18" xadvance="48" page="0" chnl="0" letter="h"/>
        <char id="105" x="689" y="272" width="21" height="67" xoffset="2" yoffset="27" xadvance="22" page="0" chnl="0" letter="i"/>
        <char id="106" x="675" y="193" width="40" height="74" xoffset="3" yoffset="17" xadvance="41" page="0" chnl="0" letter="j"/>
        <char id="107" x="717" y="2" width="66" height="84" xoffset="-15" yoffset="19" xadvance="44" page="0" chnl="0" letter="k"/>
        <char id="108" x="148" y="272" width="39" height="71" xoffset="-1" yoffset="21" xadvance="34" page="0" chnl="0" letter="l"/>
        <char id="109" x="144" y="107" width="56" height="83" xoffset="-0" yoffset="22" xadvance="55" page="0" chnl="0" letter="m"/>
        <char id="110" x="840" y="2" width="50" height="84" xoffset="-0" yoffset="19" xadvance="46" page="0" chnl="0" letter="n"/>
        <char id="111" x="896" y="272" width="43" height="64" xoffset="2" yoffset="24" xadvance="44" page="0" chnl="0" letter="o"/>
        <char id="112" x="839" y="107" width="54" height="78" xoffset="-8" yoffset="24" xadvance="42" page="0" chnl="0" letter="p"/>
        <char id="113" x="176" y="193" width="43" height="77" xoffset="2" yoffset="24" xadvance="44" page="0" chnl="0" letter="q"/>
        <char id="114" x="783" y="107" width="54" height="78" xoffset="-7" yoffset="23" xadvance="43" page="0" chnl="0" letter="r"/>
        <char id="115" x="832" y="193" width="42" height="73" xoffset="-1" yoffset="23" xadvance="41" page="0" chnl="0" letter="s"/>
        <char id="116" x="341" y="2" width="59" height="89" xoffset="-2" yoffset="18" xadvance="37" page="0" chnl="0" letter="t"/>
        <char id="117" x="963" y="193" width="52" height="72" xoffset="-4" yoffset="19" xadvance="46" page="0" chnl="0" letter="u"/>
        <char id="118" x="255" y="107" width="51" height="83" xoffset="-5" yoffset="12" xadvance="40" page="0" chnl="0" letter="v"/>
        <char id="119" x="579" y="2" width="66" height="86" xoffset="-1" yoffset="13" xadvance="63" page="0" chnl="0" letter="w"/>
        <char id="120" x="639" y="107" width="61" height="79" xoffset="-8" yoffset="16" xadvance="49" page="0" chnl="0" letter="x"/>
        <char id="121" x="402" y="2" width="49" height="89" xoffset="-5" yoffset="16" xadvance="40" page="0" chnl="0" letter="y"/>
        <char id="122" x="624" y="272" width="63" height="67" xoffset="-6" yoffset="23" xadvance="47" page="0" chnl="0" letter="z"/>
        <char id="123" x="57" y="2" width="27" height="95" xoffset="1" yoffset="6" xadvance="33" page="0" chnl="0" letter="{"/>
        <char id="124" x="2" y="2" width="24" height="103" xoffset="3" yoffset="-2" xadvance="27" page="0" chnl="0" letter="|"/>
        <char id="125" x="28" y="2" width="27" height="95" xoffset="7" yoffset="6" xadvance="33" page="0" chnl="0" letter="}"/>
        <char id="126" x="618" y="346" width="26" height="15" xoffset="5" yoffset="44" xadvance="34" page="0" chnl="0" letter="~"/>
    </chars>
</font>