{ "height":12,
 "infinite":false,
 "layers":[
        {
         "data":[6, 6, 6, 6, 6, 6, 6, 6, 6, 6, 6, 6, 6, 6, 6, 6, 6, 6, 1, 1, 1, 1, 4, 1, 4, 4, 4, 4, 4, 4, 2, 3, 3, 6, 6, 1, 1, 1, 4, 1, 1, 4, 3, 2, 2, 3, 4, 2, 2, 3, 6, 6, 1, 1, 4, 4, 4, 4, 2, 3, 3, 3, 3, 4, 4, 4, 4, 6, 6, 1, 4, 1, 4, 4, 3, 3, 3, 3, 2, 4, 4, 5, 4, 4, 6, 6, 4, 2, 4, 4, 3, 3, 3, 3, 2, 4, 4, 4, 4, 4, 5, 6, 6, 4, 1, 4, 2, 3, 3, 3, 2, 4, 4, 4, 4, 4, 5, 5, 6, 6, 4, 4, 4, 3, 3, 3, 4, 2, 4, 4, 5, 4, 5, 4, 5, 6, 6, 4, 4, 4, 2, 2, 2, 2, 4, 4, 4, 4, 4, 5, 4, 4, 6, 6, 4, 3, 4, 4, 2, 4, 2, 4, 4, 5, 4, 5, 4, 4, 5, 6, 6, 2, 4, 4, 4, 4, 4, 5, 2, 5, 4, 5, 4, 5, 4, 5, 6, 6, 6, 6, 6, 6, 6, 6, 6, 6, 6, 6, 6, 6, 6, 6, 6, 6],
         "height":12,
         "name":"Tile Layer 1",
         "opacity":1,
         "type":"tilelayer",
         "visible":true,
         "width":17,
         "x":0,
         "y":0
        }],
 "nextobjectid":1,
 "orientation":"orthogonal",
 "renderorder":"right-down",
 "tiledversion":"1.1.6",
 "tileheight":16,
 "tilesets":[
        {
         "columns":10,
         "firstgid":1,
         "image":"Tileset.png",
         "imageheight":16,
         "imagewidth":160,
         "margin":0,
         "name":"Tileset",
         "spacing":0,
         "tilecount":10,
         "tileheight":16,
         "tileproperties":
            {
             "0":
                {
                 "weight":1
                },
             "1":
                {
                 "weight":2
                },
             "2":
                {
                 "weight":3
                },
             "3":
                {
                 "weight":1
                },
             "4":
                {
                 "weight":1
                },
             "5":
                {
                 "weight":99
                }
            },
         "tilepropertytypes":
            {
             "0":
                {
                 "weight":"int"
                },
             "1":
                {
                 "weight":"int"
                },
             "2":
                {
                 "weight":"int"
                },
             "3":
                {
                 "weight":"int"
                },
             "4":
                {
                 "weight":"int"
                },
             "5":
                {
                 "weight":"int"
                }
            },
         "tilewidth":16
        }],
 "tilewidth":16,
 "type":"map",
 "version":1,
 "width":17
}